N,alpha,M,conc_succ_prob,kappa_med,sigma_rel_med,sigma_abs_med,max_w_95per,pos_prob,nan_prob
4,1.0,6,0.002,2.1137097504046505,11.323903885964182,4.041590197153612,21.54080805107826,0.097,0.0
4,1.375,8,0.005,1.1839666355981484,5.192821046103209,2.2917122516803823,12.163653221373233,0.159,0.0
4,1.75,10,0.01,0.9721739650167687,4.132511120615815,2.0205094746294647,7.245030572415235,0.198,0.0
4,2.125,12,0.026,0.9020382860919126,3.6883533324897986,1.8135802501617664,6.434057759550623,0.231,0.0
4,2.5,14,0.025,0.8678936735446562,3.329459687411341,1.7497092678764092,6.229779545343607,0.238,0.0
4,2.875,16,0.037,0.8256373975178375,2.993061146657676,1.5886552954292616,5.5642224361787,0.277,0.0
4,3.25,19,0.075,0.8015612494601014,2.7021099747718056,1.436234850885842,5.202130932846649,0.29,0.0
4,3.625,21,0.085,0.7954233555758619,2.696615891955209,1.4099078903196038,5.341712581323265,0.301,0.0
4,4.0,23,0.104,0.7873779564503938,2.5575608958671032,1.3555755891119472,4.8595594651588785,0.321,0.0
4,4.375,25,0.125,0.7811983828482683,2.5169847366370246,1.250246581429427,4.617658030672273,0.337,0.0
4,4.75,27,0.115,0.7800040918385525,2.5424532619950595,1.2755812915651839,5.0211704529576675,0.355,0.0
4,5.125,29,0.161,0.7755493836763641,2.456215313470877,1.193499863549625,4.798465247270796,0.357,0.0
4,5.5,31,0.163,0.7756072086912139,2.3536248756820117,1.1866772638407173,4.650077539475736,0.343,0.0
4,5.875,33,0.167,0.7704139736758769,2.4026561216925133,1.1156705328678127,4.5549710664878145,0.374,0.0
4,6.25,35,0.198,0.769379016406968,2.281723078913404,1.12367260843034,4.61187473776353,0.374,0.0
4,6.625,37,0.218,0.7678867567254355,2.335263017434275,1.1046707047768525,4.497600473122462,0.407,0.0
4,7.0,39,0.226,0.7700723137866035,2.489090479234622,1.0866309528496352,4.598107377728802,0.359,0.0
4,7.375,41,0.232,0.7676787906037089,2.2809940235766213,1.0272176639135382,4.4039269549750575,0.364,0.0
4,7.75,43,0.246,0.7689222011697934,2.4159565774125404,1.099894682735619,4.55668021250903,0.357,0.0
4,8.125,46,0.295,0.7665941899885617,2.3585281308302717,1.069362271531491,4.363368519917566,0.393,0.0
4,8.5,48,0.293,0.7660719043108299,2.303737821430067,1.0247089585122058,4.310041243812069,0.393,0.0
4,8.875,50,0.309,0.7655381737901931,2.2449508746258555,0.9867018879228198,4.307132307042882,0.397,0.0
4,9.25,52,0.316,0.7667708344680337,2.3392860018037274,0.990059395152181,4.392420851850774,0.381,0.0
4,9.625,54,0.35,0.7650639089410147,2.3204272745569403,0.9444320561721911,4.17549237388978,0.387,0.0
4,10.0,56,0.338,0.7660541531212481,2.3683114190579233,0.9937342164409138,4.389951415979632,0.385,0.0
6,1.0,11,0.0,2.589690727612655,16.03029604964519,5.948116604504157,30.035873053431978,0.028,0.0
6,1.375,15,0.0,1.9234982807073344,12.655118363967954,4.215598225586119,16.375742656608114,0.057,0.0
6,1.75,19,0.0,1.543043242739611,11.496795082945816,3.6939284252514755,11.218681181810235,0.087,0.0
6,2.125,23,0.0,1.2529746397128174,10.8569483007488,3.3430428547420714,9.331062470145584,0.135,0.0
6,2.5,27,0.0,1.040829772685478,9.578478429106408,3.0266592628562563,8.972390536352144,0.149,0.0
6,2.875,31,0.001,0.9615687529722983,9.088563401059648,2.8695404813533782,8.50221364617689,0.177,0.0
6,3.25,35,0.001,0.9161572438063494,9.42163310552091,2.8710937937378356,8.222242460955522,0.197,0.0
6,3.625,39,0.004,0.866883005763009,8.453135982719093,2.8856831316872826,8.206762608162762,0.226,0.0
6,4.0,44,0.005,0.8217930111923115,8.613458186357377,2.624910133194204,8.299578329517242,0.237,0.0
6,4.375,48,0.004,0.8224910358944371,8.492146297405787,2.7531721112809273,8.070228858872582,0.232,0.0
6,4.75,52,0.012,0.7938194319185798,7.261470486554128,2.5553023216206308,7.73609129336481,0.288,0.0
6,5.125,56,0.012,0.7953634143909137,7.7180791273829294,2.5767910215762835,7.750260102677075,0.282,0.0
6,5.5,60,0.011,0.7778144673428027,6.574128423100303,2.370085441749013,7.441244091236178,0.317,0.0
6,5.875,64,0.022,0.7771511702506074,7.677240439803992,2.5176738805535215,7.528936832027589,0.333,0.0
6,6.25,68,0.025,0.7739941880841101,7.467151971843201,2.4760849299977297,7.869844701639728,0.338,0.0
6,6.625,72,0.028,0.7695247690714433,6.4162932195149,2.468807425598813,7.772933393546325,0.362,0.0
6,7.0,76,0.029,0.7664986988801142,6.297836764920944,2.3190639446992787,7.281762304242738,0.386,0.0
6,7.375,80,0.03,0.7654649333070926,6.235553678423063,2.338445738626127,7.4225684093954465,0.397,0.0
6,7.75,84,0.044,0.7666102531655694,6.004874716582197,2.3156703652377373,7.4152083639639645,0.389,0.0
6,8.125,88,0.047,0.7645520303059556,6.505097506134736,2.2452167869437107,7.341661247133085,0.418,0.0
6,8.5,92,0.055,0.7641257894432981,6.664006633151006,2.260990242894585,7.619112171155067,0.417,0.0
6,8.875,96,0.058,0.7631189578964522,5.991780168660252,2.2186711496353304,7.372166506456549,0.443,0.0
6,9.25,100,0.058,0.7634719613346318,6.476782848823948,2.3389268492776534,7.39201925079581,0.442,0.0
6,9.625,104,0.059,0.7620941167950589,5.844759274866229,2.167169606809006,7.236902909121818,0.478,0.0
6,10.0,108,0.068,0.7620685167501879,6.0201585784089495,2.231958341865497,7.259750643747145,0.483,0.0
8,1.0,17,0.0,8.777034926161512,63.177184029453215,24.580272890449407,281.5554178899144,0.007,0.0
8,1.375,23,0.0,3.7949001377849365,26.57115620237078,12.931382257810476,111.81662976012488,0.01,0.0
8,1.75,30,0.0,2.5727173709704756,16.916440675343495,10.974660036484666,67.33916849905273,0.018,0.0
8,2.125,36,0.0,1.9682588350810293,11.283993100943952,9.00687921415532,56.70049269586976,0.028,0.0
8,2.5,42,0.0,1.6127108249458129,9.819842981860624,8.30400521524102,42.432946889352294,0.024,0.0
8,2.875,48,0.0,1.3048764976170895,8.346638992716063,7.556957255916009,38.71224113273277,0.04,0.0
8,3.25,55,0.0,1.135810335494547,7.521193377792514,6.86146982278355,33.59396596456902,0.051,0.0
8,3.625,61,0.0,1.0127772319295096,6.439709202694832,6.315969834749034,28.36967429368673,0.046,0.0
8,4.0,67,0.0,0.9434795749524997,6.713885438106848,6.2197417329577025,28.516854758632913,0.042,0.0
8,4.375,73,0.0,0.8682764425002196,6.045556714233727,5.44885515068513,26.483826333263735,0.049,0.0
8,4.75,80,0.0,0.8553660363713778,5.893780799785821,5.582446174497388,25.987582629824256,0.056,0.0
8,5.125,86,0.0,0.8103101631085343,5.477024440216374,5.08514494740321,22.620020284712147,0.057,0.0
8,5.5,92,0.0,0.7960617991123251,5.45470528323135,4.8292358958444215,24.291246472415565,0.068,0.0
8,5.875,98,0.0,0.7932402344019376,5.404902714131185,4.865786883988832,21.68749138128503,0.066,0.0
8,6.25,104,0.0,0.7892715251776681,5.351957127073479,4.481263959891312,20.2364216667351,0.073,0.0
8,6.625,111,0.0,0.7847585002342374,5.256069192946706,4.709970172725582,21.926485405909283,0.062,0.0
8,7.0,117,0.0,0.783152906706503,5.07498261538639,4.188108208273822,17.638164428482398,0.089,0.0
8,7.375,123,0.0,0.7830661100630573,5.1249912692615265,4.428698005559292,20.280517146611547,0.087,0.0
8,7.75,129,0.0,0.7809741848739703,5.113630581823276,4.096552158190605,18.302742199619857,0.076,0.0
8,8.125,136,0.0,0.7782197300246274,5.007297882206303,4.066635269210779,17.42862026652172,0.092,0.0
8,8.5,142,0.0,0.7778834145028617,5.154062457212332,4.078772264462174,18.261583076536617,0.081,0.0
8,8.875,148,0.0,0.7770095734262576,5.168246089962784,3.9297885396751875,16.15324414709529,0.071,0.0
8,9.25,154,0.0,0.7763073662888627,5.255171398303085,4.101770731331585,16.467434382299004,0.084,0.0
8,9.625,161,0.0,0.7737999110559999,4.827132933222863,3.99779322070452,15.812599109800047,0.083,0.0
8,10.0,167,0.0,0.7739283268860888,5.04038693214866,4.230303102478548,17.150868939701734,0.091,0.0
10,1.0,24,0.0,48.19940013890417,507.45229179476553,162.33408115757908,2899.692354525106,0.001,0.0
10,1.375,32,0.0,25.170081489166897,303.8110371073437,96.380393897771,948.0479035124066,0.002,0.0
10,1.75,41,0.0,14.511465072817085,219.4602833016018,62.08123647451135,586.2504271839493,0.001,0.0
10,2.125,49,0.0,10.67941883678413,145.42988558310873,50.03648205021733,423.68406595557553,0.006,0.0
10,2.5,58,0.0,7.680573519366417,122.67122435063332,40.54010873798873,252.41320457688238,0.007,0.0
10,2.875,67,0.0,5.339008739081445,84.46252766915491,30.33877753387906,197.9036200442759,0.007,0.0
10,3.25,75,0.0,4.52285869970846,71.95253555391885,27.683614327421637,170.59594932104162,0.011,0.0
10,3.625,84,0.0,3.486333622278596,63.36990448318002,22.63799862600637,146.00228374662868,0.007,0.0
10,4.0,93,0.0,3.2283764442440366,53.18648301675533,22.513665695636313,141.8409751133315,0.014,0.0
10,4.375,101,0.0,2.5564139000068424,43.54337585905427,18.669050497631716,105.49060262212612,0.012,0.0
10,4.75,110,0.0,2.414071633913151,41.2612440221244,18.618994793099915,115.93560667294116,0.012,0.0
10,5.125,119,0.0,2.264074639126476,37.967720646802285,17.9473303948106,99.47815758075261,0.023,0.0
10,5.5,127,0.0,2.000325734888112,35.28888215724728,16.85691081779583,97.0999444763568,0.024,0.0
10,5.875,136,0.0,1.9131344549916651,35.1015725136415,17.177828689684414,88.06296617929276,0.019,0.0
10,6.25,144,0.0,1.6584894990639327,29.525729630223385,15.20545443095159,79.65014196238165,0.031,0.0
10,6.625,153,0.0,1.6100634785019488,28.816891825568305,15.102947227400536,81.80933722725254,0.033,0.0
10,7.0,162,0.0,1.4735717464277842,26.43257704782372,13.751335016689838,81.00252809620544,0.03,0.0
10,7.375,170,0.0,1.402379191504937,26.496154409826485,13.444748235855727,78.47145796101823,0.029,0.0
10,7.75,179,0.0,1.4371723667381682,28.037627636255884,14.482640820551143,65.5423060408773,0.037,0.0
10,8.125,188,0.0,1.3034802839060555,22.859683469056776,13.576772881310042,69.4913286279546,0.039,0.0
10,8.5,196,0.0,1.2443573576859164,21.566872603594078,12.768122923519602,60.40911215809447,0.056,0.0
10,8.875,205,0.0,1.1474273565732909,19.975656369741472,12.11795514255423,61.71189517777079,0.05,0.0
10,9.25,213,0.0,1.1536626826442073,21.04627639078437,12.41728468013909,55.593192155141274,0.049,0.0
10,9.625,222,0.0,1.1002044466599306,19.159372277543522,12.198115717178313,58.33779912134622,0.059,0.0
10,10.0,231,0.0,1.0603451949055724,17.979398594212235,11.696992106837275,57.32999108740776,0.057,0.0
12,1.0,30,0.0,599.7819965507144,6391.8187919781085,2222.1284571800115,35773.45290882609,0.0,0.0
12,1.375,42,0.0,177.8932009330021,2583.583861316023,776.334842993215,10836.14410098531,0.0,0.0
12,1.75,53,0.0,94.8076825736047,1501.874070503125,476.17658147726337,5723.275062999404,0.0,0.0
12,2.125,64,0.0,56.430836479924295,1117.8709026950005,299.19985241597897,3504.546589083274,0.0,0.0
12,2.5,75,0.0,42.813992457592526,883.0498687227823,256.6220561144703,1931.2141811521658,0.0,0.0
12,2.875,86,0.0,35.076043074910785,790.1520222781576,214.01504518453385,1604.0880972237846,0.001,0.0
12,3.25,97,0.0,23.923976838167597,522.772990218264,160.11059332354864,1226.7206368742848,0.001,0.0
12,3.625,109,0.0,19.046306818191045,484.63935351996054,140.4978322225291,884.8972287204562,0.0,0.0
12,4.0,120,0.0,16.56677827662147,462.37796882854394,125.20231162645297,802.3833946317623,0.0,0.0
12,4.375,131,0.0,13.01163807251507,348.76181748172087,103.03963833218819,629.0613050550942,0.001,0.0
12,4.75,142,0.0,11.962249144873962,334.9921955579408,96.84630078136139,634.3039102847746,0.001,0.0
12,5.125,153,0.0,10.502823339142255,345.984245736801,92.50800244651742,546.5849667168942,0.001,0.0
12,5.5,165,0.0,8.663243526512641,279.0712864633464,79.64333102952489,476.0118519786517,0.001,0.0
12,5.875,176,0.0,8.409183902413345,284.5589522126612,79.19107081372425,436.91025173822175,0.002,0.0
12,6.25,187,0.0,7.023173936144321,224.96463447305695,67.86664451258144,374.9849970772107,0.004,0.0
12,6.625,198,0.0,6.682471359930611,227.28426084540382,66.17941386443913,375.0213559042481,0.002,0.0
12,7.0,209,0.0,6.043293056476074,196.59217474012956,64.22417605125966,356.04635010280447,0.0,0.0
12,7.375,220,0.0,5.661581735957946,207.92503590491094,61.398466561889634,310.4401126086818,0.002,0.0
12,7.75,232,0.0,5.412999949150299,202.22672816869678,57.5827326019574,310.6364984570032,0.002,0.0
12,8.125,243,0.0,4.987085199807483,183.8125473036394,55.537336088276575,312.0190920509801,0.003,0.0
12,8.5,254,0.0,4.633500566040887,182.01187242402483,54.69769444102083,287.92492300164065,0.005,0.0
12,8.875,265,0.0,4.377519238677329,164.42005693027198,52.22306839311844,274.8437598766213,0.007,0.0
12,9.25,276,0.0,4.084283201464222,147.39623426948384,48.8412597223994,236.645697728735,0.001,0.0
12,9.625,288,0.0,4.134380280502699,158.82665342481585,52.17900942613852,263.76390609828263,0.006,0.0
12,10.0,299,0.0,3.6181057771958436,144.08463962081998,44.527451420406436,234.4822325933603,0.005,0.0
14,1.0,37,0.0,6641.117963426136,90477.46716531878,22921.90227523991,248137.1491351121,0.0,0.0
14,1.375,51,0.0,1868.1121384472963,32558.848458517037,8819.305810225185,106895.63411015214,0.0,0.0
14,1.75,65,0.0,805.3220334571013,15371.869328091687,4437.743333494542,54002.96043701078,0.0,0.0
14,2.125,79,0.0,498.91931990940026,10198.742454139365,3074.015073113308,29789.627140527336,0.0,0.0
14,2.5,93,0.0,303.1831350784099,7070.957207304022,1853.214386114234,19031.864948229253,0.0,0.0
14,2.875,107,0.0,209.11761185861388,5285.402438519503,1389.0836764943783,13219.433826664392,0.0,0.0
14,3.25,121,0.0,146.44356403460495,4282.690009054803,1095.3811832015288,9873.0775414444,0.0,0.0
14,3.625,134,0.0,135.36689033195609,4063.0215574569156,1067.8561661797175,8605.555888914381,0.0,0.0
14,4.0,148,0.0,105.57419110990786,3009.3860111561817,863.5718888572477,6315.717729209205,0.0,0.0
14,4.375,162,0.0,80.05472898855784,2837.690906727232,689.6666008558489,4963.383964104189,0.0,0.0
14,4.75,176,0.0,76.11078179883582,2765.656599722255,688.1164819085934,4409.6382194631005,0.0,0.0
14,5.125,190,0.0,58.74979841845289,2134.261814073375,545.4352266237158,3721.915328733698,0.0,0.0
14,5.5,204,0.0,50.23773228075332,1915.4315829144662,492.43815131812175,3651.201217617467,0.0,0.0
14,5.875,218,0.0,48.1695427335787,1858.0894946146905,496.33076433019835,3017.0756317045743,0.0,0.0
14,6.25,231,0.0,39.592812488501515,1765.6745776800435,411.8248012207379,2737.731524221228,0.001,0.0
14,6.625,245,0.0,35.8220483195593,1539.3614406726465,400.27115166014994,2880.377077076371,0.0,0.0
14,7.0,259,0.0,33.237355065942324,1454.7133497054024,368.1440977116432,2465.393628525996,0.0,0.0
14,7.375,273,0.0,28.13944029917207,1213.8444569788576,330.19752295175306,1898.3006386013417,0.001,0.0
14,7.75,287,0.0,25.14686300314073,1134.353439826114,302.3304576437482,2147.0085149647957,0.0,0.0
14,8.125,301,0.0,25.60270920272023,1142.934571760601,311.6275188715597,1725.4772054577709,0.0,0.0
14,8.5,315,0.0,22.982907998322517,1099.0438452445396,287.4894269967882,1813.2311001535468,0.0,0.0
14,8.875,328,0.0,21.885218816484844,1066.9602610621619,270.5172618759783,1606.8672164058157,0.001,0.0
14,9.25,342,0.0,18.345921641339125,936.56811214304,240.88656533790947,1267.2044876560194,0.0,0.0
14,9.625,356,0.0,18.304676635368086,926.0091489308633,235.39735446470556,1380.0375499905458,0.0,0.0
14,10.0,370,0.0,17.481998150563776,867.0000237991601,248.7973228160389,1395.5325532389286,0.0,0.0
16,1.0,45,0.0,63084.09158713344,1.3412879047357186e6,215121.0756518803,3.58831360634604e6,0.0,0.0
16,1.375,61,0.0,20418.63373277588,527583.2318891175,86142.09249090853,1.061151867176751e6,0.0,0.0
16,1.75,78,0.0,8877.716499815102,226578.25885558382,47051.80463221693,499759.11493516504,0.0,0.0
16,2.125,95,0.0,4301.838881047774,120344.67767055047,25224.85190540269,244008.87212564293,0.0,0.0
16,2.5,111,0.0,2652.111780773555,78849.59352574049,17147.044439695892,165312.49459447863,0.0,0.0
16,2.875,128,0.0,1828.271411817967,57296.465880797885,13238.170660553376,121219.09207205415,0.0,0.0
16,3.25,145,0.0,1228.3719625402587,40479.75628440829,9989.352043597215,89935.558607147,0.0,0.0
16,3.625,161,0.0,916.0959082230441,31820.833811362103,7745.033807308262,70658.45620850485,0.0,0.0
16,4.0,178,0.0,730.0175751790298,26223.98627474071,6182.820033462489,51003.910215191885,0.0,0.0
16,4.375,195,0.0,493.16248479263186,18788.74707536462,4688.396358057489,41114.83037498031,0.0,0.0
16,4.75,211,0.0,510.29128761159745,20969.002102259037,4693.617436636194,42751.809073464916,0.0,0.0
16,5.125,228,0.0,412.94102797130114,17240.69257710519,3986.894547490766,28642.22741693133,0.0,0.0
16,5.5,244,0.0,323.58695754047574,15798.360700998934,3296.4005329194497,29343.05719181242,0.0,0.0
16,5.875,261,0.0,288.1541739454034,13093.938157223409,3185.568050309184,24378.784015875928,0.0,0.0
16,6.25,278,0.0,254.05014295386417,13119.239673939725,2934.853955217701,21388.817357229116,0.0,0.0
16,6.625,294,0.0,223.93612528039844,10760.703680655275,2547.5774806419877,20732.82465023859,0.0,0.0
16,7.0,311,0.0,218.0630352033807,10439.727287128599,2465.9162283310134,15229.957209772403,0.0,0.0
16,7.375,328,0.0,159.66538593167456,8863.373708039426,2034.9833911162282,14201.2392550261,0.0,0.0
16,7.75,344,0.0,161.19101549076805,7761.974642935099,2025.5196816660132,12984.444572127795,0.0,0.0
16,8.125,361,0.0,135.59042481351992,7412.608514903819,1761.0179901817123,13293.919023557673,0.0,0.0
16,8.5,378,0.0,121.0407853189049,7008.776398118033,1569.1021508193705,11267.786002974248,0.0,0.0
16,8.875,394,0.0,126.66093874499013,7463.789656991403,1720.941008708379,11239.051152274242,0.0,0.0
16,9.25,411,0.0,105.59231936462986,5855.477356230625,1449.3593705598123,9961.279669492333,0.0,0.0
16,9.625,427,0.0,103.93422735862269,5919.295866496192,1486.9895839108597,8840.18849622798,0.0,0.0
16,10.0,444,0.0,88.7715915625657,5598.732692530846,1320.7293485265695,8722.343697370576,0.0,0.0
18,1.0,53,0.0,480308.46315925167,5.953550009802142e6,1.8506893044870335e6,1.940881098867187e7,0.0,1.0
18,1.375,72,0.0,191130.61764965154,4.069979066083261e6,839369.4507411969,7.5214352071794355e6,0.0,1.0
18,1.75,92,0.0,83038.92081320359,2.511398981079122e6,376948.2410659959,3.6805848223799625e6,0.0,0.0
18,2.125,111,0.0,47784.43182382972,1.7899391728823646e6,243155.4142984491,2.697418962792449e6,0.0,0.0
18,2.5,131,0.0,24633.547306532855,971246.3796641856,149231.22896469687,1.4010195054424577e6,0.0,0.0
18,2.875,150,0.0,17003.447662758565,737186.5889645178,109711.32024150382,985456.3382153708,0.0,0.0
18,3.25,170,0.0,11052.208952003646,486164.5651848286,85239.6846454892,651119.8682040622,0.0,0.0
18,3.625,189,0.0,8423.555119314797,385365.025815247,66767.68685391449,526625.474306837,0.0,0.0
18,4.0,209,0.0,5914.198136106498,311934.72459624545,51006.736045455946,437876.6742244137,0.0,0.0
18,4.375,228,0.0,5450.580940738462,271007.4506676163,46742.442236964635,345305.12694710906,0.0,0.0
18,4.75,248,0.0,3814.6268752597275,205513.8479526494,36652.90464191057,310349.25026446505,0.0,0.0
18,5.125,267,0.0,3169.92541349175,185962.60182047205,32706.865991449427,266805.40065017965,0.0,0.0
18,5.5,287,0.0,2526.0061476251194,135199.29861237283,25898.444377419135,226929.9356501597,0.0,0.0
18,5.875,306,0.0,2280.083655631787,138763.33505911153,24926.720893590817,176255.5915608287,0.0,0.0
18,6.25,326,0.0,2120.7151987089155,136502.02112737874,24438.990123636693,160575.49686818503,0.0,0.0
18,6.625,345,0.0,1518.4686817371476,91833.04340783259,18499.26106580889,148404.1669934379,0.0,0.0
18,7.0,365,0.0,1413.4505743870911,87510.40556765441,17165.19000066317,133949.10601530893,0.0,0.0
18,7.375,384,0.0,1132.9853880903725,74559.95821216596,13838.344767763356,110897.24580850039,0.0,0.0
18,7.75,404,0.0,1187.9012409796383,75734.62886093903,14849.580163091614,109626.44311605551,0.0,0.0
18,8.125,423,0.0,1039.320178638117,72421.41760347846,14431.480539797607,93151.77945665325,0.0,0.0
18,8.5,443,0.0,842.2199199045929,61115.61184124251,11644.876775836174,83945.98545044537,0.0,0.0
18,8.875,462,0.0,757.1067336769693,52239.705915671904,10630.545331266872,93064.1997895606,0.0,0.0
18,9.25,482,0.0,729.4195183115373,52321.64165067777,10609.97189576417,75117.80392908043,0.0,0.0
18,9.625,501,0.0,645.1463419148638,44792.502196678004,9514.010417905785,70120.26181892787,0.0,0.0
18,10.0,521,0.0,671.7754230602404,50118.54838810467,10033.187054499529,72485.55606731237,0.0,0.0
20,1.0,60,0.0,670928.8746109009,8.360090679456303e6,2.5894359864265164e6,2.5482742939515308e7,0.0,2.0
20,1.375,83,0.0,487051.45795810653,7.950635776817486e6,2.1325859907461666e6,1.6763538755078122e7,0.0,0.0
20,1.75,105,0.0,365270.69126144866,7.614090849847004e6,1.7165187031930843e6,1.5647814420164786e7,0.0,0.0
20,2.125,128,0.0,279031.2578422348,6.968795451516918e6,1.539434984912071e6,1.465981224330068e7,0.0,0.0
20,2.5,150,0.0,195742.53976395234,6.202830307964481e6,1.1557573561829885e6,9.569258795430822e6,0.0,0.0
20,2.875,173,0.0,137721.0865057945,4.952787593297292e6,881651.9491082653,7.228520815853507e6,0.0,0.0
20,3.25,195,0.0,99224.95015521873,4.351569968767319e6,701554.8299644105,5.023375936352593e6,0.0,0.0
20,3.625,218,0.0,69425.19968211581,3.9950504837026806e6,546592.2868595171,5.537284733205097e6,0.0,0.0
20,4.0,240,0.0,60749.05461847644,3.4665235411302205e6,488800.50030562445,3.9106374253963814e6,0.0,0.0
20,4.375,263,0.0,48842.607285569975,2.8780816305853133e6,403587.18885155546,4.024934780842663e6,0.0,0.0
20,4.75,285,0.0,37556.656970940676,2.5424099994411515e6,327903.7973479822,2.93779044401037e6,0.0,0.0
20,5.125,308,0.0,29503.952787047576,1.887394660269754e6,281553.6122948272,2.0917811546889534e6,0.0,0.0
20,5.5,330,0.0,23299.294791370747,1.6195997886945773e6,234945.93109292243,2.0498509323872484e6,0.0,0.0
20,5.875,352,0.0,20894.642639969046,1.5171097992216945e6,218070.34565409558,1.6641879869435218e6,0.0,0.0
20,6.25,375,0.0,15842.460817366069,1.2254798827694247e6,174804.42535214455,1.3538886385065538e6,0.0,0.0
20,6.625,397,0.0,14110.183900981763,1.0946901367066402e6,154489.90698754153,1.3081464646688062e6,0.0,0.0
20,7.0,420,0.0,12006.267529818164,962906.4186740015,138525.5012976494,1.0100071542495192e6,0.0,0.0
20,7.375,442,0.0,11114.614009337733,909771.4455224358,133468.30428182916,956071.1532936717,0.0,0.0
20,7.75,465,0.0,9496.797684072188,790133.3024819153,119517.83652029952,919212.4075468514,0.0,0.0
20,8.125,487,0.0,7745.328964447736,662881.8727619944,97760.00975189783,714788.3771900736,0.0,0.0
20,8.5,510,0.0,7051.072802123234,693366.2397537446,94032.72512744665,725340.0382401143,0.0,0.0
20,8.875,532,0.0,6697.982512721726,618775.9975736497,93659.40684383805,643501.1864307862,0.0,0.0
20,9.25,555,0.0,5534.664546818358,506051.30047804525,78210.30894264387,575619.5755917644,0.0,0.0
20,9.625,577,0.0,5158.503436386463,489058.75306081166,75103.84248768637,544584.2869931189,0.0,0.0
20,10.0,600,0.0,4896.907809462929,423380.90624551364,72757.63680743816,500357.0595979108,0.0,0.0
22,1.0,69,0.0,784664.7054121478,8.652064934669822e6,3.353606533257627e6,3.08294783828125e7,0.0,4.0
22,1.375,94,0.0,513043.49629941897,7.431474405651786e6,2.529708699155921e6,2.290932419893793e7,0.0,0.0
22,1.75,120,0.0,338136.6733948499,6.833772032281695e6,1.8667887369010877e6,1.5444473510155166e7,0.0,0.0
22,2.125,145,0.0,272775.90386034205,7.000627310910775e6,1.5549744248889026e6,1.5385118519921865e7,0.0,0.0
22,2.5,171,0.0,219529.2908773073,6.592476038630359e6,1.368532451280817e6,1.2449985919688664e7,0.0,0.0
22,2.875,196,0.0,207347.2776898242,7.131399795396835e6,1.339157813647187e6,1.0118031756323231e7,0.0,0.0
22,3.25,222,0.0,182319.50607376808,7.201645225408392e6,1.2422210564423557e6,1.2714010013183588e7,0.0,0.0
22,3.625,247,0.0,164850.9849576448,6.649399270029057e6,1.1820805146771858e6,1.3221840378417952e7,0.0,1.0
22,4.0,273,0.0,183290.86882495444,8.374365433352336e6,1.4476922818974236e6,1.4604679524438476e7,0.0,0.0
22,4.375,298,0.0,161556.8319052626,7.815611033656545e6,1.2898663595403666e6,1.2689831371847332e7,0.0,0.0
22,4.75,324,0.0,158179.08362060713,7.929529400462098e6,1.3685973226493485e6,1.1365252174572749e7,0.0,0.0
22,5.125,349,0.0,148261.03106874516,7.256709110156095e6,1.2671321596519179e6,1.1246606924749337e7,0.0,0.0
22,5.5,375,0.0,127982.76441611609,6.99711892319463e6,1.1877992523481986e6,8.87187882924804e6,0.0,0.0
22,5.875,400,0.0,114522.46698942069,7.075120713744156e6,1.1290543631365485e6,8.192428077283403e6,0.0,0.0
22,6.25,426,0.0,103493.98807296423,6.635731320009235e6,1.073899267499175e6,8.759618045660622e6,0.0,0.0
22,6.625,451,0.0,94139.9357844663,6.309715289344465e6,976066.5577266292,7.309429670114479e6,0.0,0.0
22,7.0,477,0.0,89219.55204618123,6.295036421541851e6,980058.0235498324,7.367199345385736e6,0.0,0.0
22,7.375,502,0.0,84989.01287273274,6.280245252442138e6,960715.7990731561,7.831244763624926e6,0.0,0.0
22,7.75,528,0.0,77127.14455219553,5.974361644710317e6,867426.9636591707,7.453353434314882e6,0.0,0.0
22,8.125,553,0.0,57353.7124862708,4.817794342340067e6,720182.535774188,4.741557939806419e6,0.0,0.0
22,8.5,579,0.0,55712.561384470595,4.885056251870185e6,730610.3210789976,4.730465561711178e6,0.0,0.0
22,8.875,604,0.0,54381.50737174609,4.701038698936386e6,694811.3502562277,5.438975553787828e6,0.0,0.0
22,9.25,630,0.0,49027.35057397644,4.4849391222049035e6,639165.7605310823,5.500352037207003e6,0.0,0.0
22,9.625,655,0.0,44479.70172754867,4.1686869900489505e6,624663.8888443199,4.534706835361066e6,0.0,0.0
22,10.0,681,0.0,39930.26983309428,4.365396364578765e6,587581.3871689416,4.7505941603628e6,0.0,0.0
24,1.0,77,0.0,817738.2275247946,1.0005996308365673e7,3.747317724949587e6,3.35276055843749e7,0.0,1.0
24,1.375,105,0.0,588960.6039158413,8.2471740106927175e6,2.9625163579884986e6,2.856882007324219e7,0.0,4.0
24,1.75,134,0.0,463983.27918368665,7.471530601838138e6,2.6237090147953257e6,2.66075826644531e7,0.0,0.0
24,2.125,163,0.0,369909.3231001778,7.970520053058855e6,2.2567033250063695e6,2.131892881894529e7,0.0,0.0
24,2.5,191,0.0,306286.46911780874,8.162939366104757e6,2.028637444002823e6,1.6337197676886853e7,0.0,1.0
24,2.875,220,0.0,262004.0412398078,7.767973267996734e6,1.821326092139419e6,1.4859891733593734e7,0.0,1.0
24,3.25,248,0.0,223628.82775515894,7.822658528964026e6,1.6939385298599354e6,1.3320292834179677e7,0.0,0.0
24,3.625,277,0.0,210822.13570780327,8.085746563650424e6,1.6710664695820608e6,1.5944433411413997e7,0.0,1.0
24,4.0,306,0.0,188686.29404397254,7.819219806970875e6,1.6222687189167547e6,1.335483436425781e7,0.0,0.0
24,4.375,334,0.0,161049.3172370117,7.586442027912509e6,1.378811772466614e6,1.2556104660051053e7,0.0,0.0
24,4.75,363,0.0,144076.54034092318,7.140324495657748e6,1.3449054040759446e6,1.118930838242186e7,0.0,0.0
24,5.125,391,0.0,139708.6444428583,7.439128353163659e6,1.3113173875201382e6,1.2031738635400707e7,0.0,1.0
24,5.5,420,0.0,114969.4437568622,6.844004683762867e6,1.1614172701720465e6,9.297896819011614e6,0.0,0.0
24,5.875,449,0.0,106560.01809140993,7.019524447963915e6,1.1379646702572678e6,8.888394983007794e6,0.0,1.0
24,6.25,477,0.0,103423.04207122052,6.95807446894551e6,1.070690562229286e6,9.10437997236325e6,0.0,0.0
24,6.625,506,0.0,92393.76170716724,6.302092654024197e6,1.0466402702921026e6,8.37791568798828e6,0.0,0.0
24,7.0,534,0.0,97755.471194832,6.706805255694815e6,1.0952651691059868e6,1.1103297204589834e7,0.0,0.0
24,7.375,563,0.0,94101.3190064863,6.557492529408439e6,1.0800427827338418e6,8.037772001660153e6,0.0,0.0
24,7.75,592,0.0,90634.86023966849,6.773454954511673e6,1.0612402194162058e6,8.604628063541582e6,0.0,0.0
24,8.125,620,0.0,85952.28690670329,6.697939213759538e6,1.0577167345199133e6,1.170549856059467e7,0.0,0.0
24,8.5,649,0.0,86778.70595009375,6.247403715153574e6,1.1062091520611371e6,8.02416947490234e6,0.0,0.0
24,8.875,677,0.0,87248.21764358567,6.836153648342291e6,1.1236281964640147e6,1.1162243816811899e7,0.0,0.0
24,9.25,706,0.0,80108.98455587731,6.232297225411966e6,1.0375695494136363e6,9.450033407317124e6,0.0,0.0
24,9.625,735,0.0,79051.79391157447,6.52312449098304e6,1.0330061788131464e6,1.0810916058713518e7,0.0,0.0
24,10.0,763,0.0,82555.64818636337,6.517788530988611e6,1.0642502541390578e6,8.281381335970432e6,0.0,0.0
26,1.0,85,0.0,885431.0917659984,1.050429492292921e7,4.0253134205758474e6,3.672303958671874e7,0.0,1.0
26,1.375,117,0.0,669442.4157288544,9.243422693869503e6,3.5354773016239656e6,3.0593372147070248e7,0.0,1.0
26,1.75,149,0.0,480501.50114819827,8.1450998304142095e6,2.8197402299924945e6,2.4079056556738265e7,0.0,2.0
26,2.125,181,0.0,368667.91258568526,7.107161961251176e6,2.398727740221735e6,1.8667344652929652e7,0.0,1.0
26,2.5,212,0.0,297233.18020212423,6.718782828902895e6,2.101150872459667e6,2.2901783496777296e7,0.0,1.0
26,2.875,244,0.0,259838.3650704681,7.460138026253241e6,1.9058279276063805e6,1.7627035632910125e7,0.0,0.0
26,3.25,276,0.0,283321.738830131,8.71940671097906e6,2.3160133691199264e6,2.150678025429687e7,0.0,0.0
26,3.625,308,0.0,249893.43110014556,8.782974802762862e6,2.0656076684621456e6,1.8257621199609365e7,0.0,2.0
26,4.0,339,0.0,226290.41031316813,9.518595027344514e6,1.960585902390684e6,1.9873887000707984e7,0.0,2.0
26,4.375,371,0.0,213768.86236541165,8.138781875398532e6,1.974455476515785e6,1.964570939423826e7,0.0,0.0
26,4.75,403,0.0,194695.6603842468,8.995213712991923e6,1.824508866024592e6,2.040278601098627e7,0.0,0.0
26,5.125,435,0.0,181917.31248300706,7.79175023433194e6,1.8387738002231903e6,1.7427905269400015e7,0.0,0.0
26,5.5,466,0.0,173476.27515669234,8.197025623789931e6,1.7913241898722588e6,1.2489744520971669e7,0.0,0.0
26,5.875,498,0.0,157628.5018314185,8.59849201474501e6,1.759093210941371e6,1.9242004106884763e7,0.0,0.0
26,6.25,530,0.0,165723.9836446924,9.28612785817473e6,1.7684566432235267e6,1.5573278166406214e7,0.0,0.0
26,6.625,562,0.0,172947.59135937478,9.439074557579132e6,1.9220950998480192e6,1.734820575166015e7,0.0,0.0
26,7.0,593,0.0,143382.891615825,8.6868561102633e6,1.667228132015259e6,1.682640184455566e7,0.0,0.0
26,7.375,625,0.0,131162.73573387146,8.080896026392583e6,1.5604660054784226e6,1.6075071075268533e7,0.0,0.0
26,7.75,657,0.0,143186.84109063342,8.803514775156263e6,1.7132082937465215e6,1.3325481243530272e7,0.0,0.0
26,8.125,689,0.0,130626.70503894823,8.426103344628425e6,1.7030637308712201e6,1.191718847077636e7,0.0,0.0
26,8.5,721,0.0,116141.2668490205,7.828474935207099e6,1.4970213395419428e6,1.1201692231298825e7,0.0,0.0
26,8.875,752,0.0,106526.22220620165,7.935800104199185e6,1.4784026365627153e6,1.1764681488232415e7,0.0,0.0
26,9.25,784,0.0,106516.80622282563,8.205380485064146e6,1.5040999598901598e6,1.07572609941455e7,0.0,0.0
26,9.625,816,0.0,104988.06658750013,7.976456275627324e6,1.512313387417025e6,1.4823417446289033e7,0.0,0.0
26,10.0,848,0.0,100789.24244493357,8.00552003443839e6,1.4651145869217315e6,1.051121781872634e7,0.0,0.0
28,1.0,94,0.0,1.0613350778055394e6,1.454420483335272e7,4.967474325078204e6,4.9158385199999735e7,0.0,1.0
28,1.375,129,0.0,663204.8919687198,8.72160090500243e6,3.6365911206166893e6,3.654964210312497e7,0.0,1.0
28,1.75,164,0.0,507152.8873938584,7.4641583897953e6,3.214186872645902e6,4.048605047031245e7,0.0,2.0
28,2.125,199,0.0,384776.76791038946,6.808171106148694e6,2.730994266616788e6,2.9988812836718693e7,0.0,0.0
28,2.5,234,0.0,342301.6540810349,6.5596905290283505e6,2.4442981178011494e6,2.7578393606640566e7,0.0,1.0
28,2.875,269,0.0,378111.10531843104,8.41426427304878e6,2.9444974580111415e6,3.1639439702343713e7,0.0,1.0
28,3.25,304,0.0,353127.6829313981,9.546484648699967e6,2.973814280715892e6,2.845455988906248e7,0.0,0.0
28,3.625,339,0.0,295525.4845211232,9.015558181566529e6,2.632833683276958e6,2.3379769961816374e7,0.0,0.0
28,4.0,374,0.0,279355.3100125522,8.595484536905825e6,2.5176628466098234e6,2.5498910424999993e7,0.0,0.0
28,4.375,409,0.0,245434.30945350253,8.6529572195392e6,2.3585273613221655e6,1.6683458727734363e7,0.0,0.0
28,4.75,444,0.0,215310.20082917088,8.102916370080726e6,2.146569895095199e6,2.244968714999999e7,0.0,3.0
28,5.125,479,0.0,203951.07472417346,8.45761224733568e6,2.1554219536124426e6,2.0814766503710914e7,0.0,0.0
28,5.5,514,0.0,208761.6709386328,8.62249535411448e6,2.3212025398776587e6,1.686613331523435e7,0.0,0.0
28,5.875,549,0.0,185684.90886861942,9.062741452971812e6,2.106056756465861e6,2.0195805718554687e7,0.0,0.0
28,6.25,584,0.0,180210.15444614465,9.352471448256122e6,2.0724868892429383e6,1.901127711796873e7,0.0,0.0
28,6.625,619,0.0,158074.34082683877,8.868687514136465e6,1.8514550791236248e6,1.8063375942578122e7,0.0,0.0
28,7.0,654,0.0,141683.6849689613,8.405016254876984e6,1.8544309930699533e6,1.9133073935693327e7,0.0,0.0
28,7.375,689,0.0,140256.1455065647,8.121870135529665e6,1.84637659389188e6,1.8551622924218744e7,0.0,0.0
28,7.75,724,0.0,140021.63279041796,8.251532043787237e6,1.7841753947864438e6,1.736897084687499e7,0.0,0.0
28,8.125,759,0.0,130836.79232970529,7.505450540974749e6,1.8062352669340326e6,1.7805829824706998e7,0.0,0.0
28,8.5,794,0.0,125797.6651421458,8.266023163529663e6,1.7659163207039742e6,1.6351204216796845e7,0.0,1.0
28,8.875,829,0.0,130187.80347164231,9.048016679029772e6,1.820592740652108e6,1.5985600276562473e7,0.0,1.0
28,9.25,864,0.0,120135.99374061602,9.073645157413011e6,1.7876208575971052e6,1.7083573632812496e7,0.0,0.0
28,9.625,899,0.0,105388.98180135444,7.310008924121235e6,1.6328730480604924e6,1.945108200468747e7,0.0,0.0
28,10.0,934,0.0,106120.87222453207,7.939296484844166e6,1.5737504462876732e6,1.392221384375e7,0.0,1.0
30,1.0,103,0.0,936061.400632099,1.2397877428109385e7,4.849798661431029e6,4.254512275292969e7,0.0,4.0
30,1.375,141,0.0,666415.1657533038,9.6713413486699e6,4.0338955656786207e6,3.551837307265623e7,0.0,1.0
30,1.75,179,0.0,563820.5285153522,8.906071889119552e6,3.636918945412825e6,3.665358132148436e7,0.0,0.0
30,2.125,217,0.0,435411.5830705353,6.772228137447543e6,3.050791485079665e6,3.985191666054685e7,0.0,0.0
30,2.5,256,0.0,400568.26500102505,7.244912607549846e6,3.0468540181572787e6,3.683889600058591e7,0.0,0.0
30,2.875,294,0.0,391934.3046535829,8.141536015890495e6,3.2817441805169126e6,2.8422433987695273e7,0.0,0.0
30,3.25,332,0.0,362202.34617420565,8.225447233269974e6,3.2068748446314116e6,2.8573749493359372e7,0.0,1.0
30,3.625,370,0.0,322652.5711129034,8.026177289024544e6,3.0737360829420495e6,2.8400985728417933e7,0.0,2.0
30,4.0,409,0.0,266303.34989678307,7.614199447454394e6,2.644011902729277e6,2.8521225593945164e7,0.0,1.0
30,4.375,447,0.0,266077.6552744786,7.788615632060515e6,2.6515722239549374e6,2.6381836767773435e7,0.0,1.0
30,4.75,485,0.0,226689.40103316063,7.681379977726945e6,2.401878523929824e6,2.016324532753901e7,0.0,1.0
30,5.125,523,0.0,236231.60606184788,7.763238973118134e6,2.614965791516286e6,2.5257350026074123e7,0.0,1.0
30,5.5,562,0.0,214462.33276405543,8.337539776100394e6,2.398017631978533e6,2.2483425808154296e7,0.0,1.0
30,5.875,600,0.0,200578.28199299655,7.2924372283163015e6,2.4086642678765617e6,2.138911289492187e7,0.0,0.0
30,6.25,638,0.0,176608.65931113312,8.61842126423299e6,2.197880678426363e6,2.1220758989843726e7,0.0,3.0
30,6.625,676,0.0,181375.37298107005,8.351199466316422e6,2.284155368274457e6,2.4218513632861305e7,0.0,0.0
30,7.0,715,0.0,173046.5454598786,8.718749133851366e6,2.230378634558155e6,2.0395502698535156e7,0.0,0.0
30,7.375,753,0.0,175333.73491785472,8.259793133328628e6,2.2841563962686397e6,2.1761955000488255e7,0.0,0.0
30,7.75,791,0.0,169146.3855307684,8.458453574904157e6,2.2532441010606554e6,2.246486308945311e7,0.0,1.0
30,8.125,830,0.0,164716.9574988046,9.255523228812277e6,2.30734373976247e6,2.178347170185546e7,0.0,0.0
30,8.5,868,0.0,151819.79624980828,8.495913795297807e6,2.1718775762845622e6,2.1113507718847647e7,0.0,0.0
30,8.875,906,0.0,146120.06546514184,8.742054269475255e6,2.1580511891959626e6,2.355399718515622e7,0.0,0.0
30,9.25,944,0.0,152324.55462168436,9.27098863313733e6,2.261147298058635e6,2.4931358610742163e7,0.0,0.0
30,9.625,983,0.0,146541.69552172115,9.042688353773043e6,2.178183480708044e6,2.085103848686522e7,0.0,0.0
30,10.0,1021,0.0,140468.5951980858,8.882321052554302e6,2.147436068644165e6,1.651514124492187e7,0.0,0.0
32,1.0,111,0.0,998906.0534579989,1.6213018738527622e7,5.531106324504533e6,5.427864973124974e7,0.0,1.0
32,1.375,153,0.0,743793.9587242774,1.294264014636816e7,4.597963385345405e6,4.805218820312491e7,0.0,3.0
32,1.75,195,0.0,621401.5944556603,9.899784848372221e6,4.120628315027993e6,3.67301095034179e7,0.0,0.0
32,2.125,236,0.0,485842.91260179423,8.223083333740521e6,3.617244615235034e6,4.479625253945311e7,0.0,1.0
32,2.5,278,0.0,520371.3876159174,9.641450784804076e6,4.331964583977994e6,4.128585285078125e7,0.0,0.0
32,2.875,319,0.0,424932.7012639061,7.99840620897243e6,3.605454476366449e6,3.804804836562499e7,0.0,0.0
32,3.25,361,0.0,355820.3611317051,8.35459642485998e6,3.231443878592277e6,3.2132678483593673e7,0.0,1.0
32,3.625,403,0.0,299637.9288951221,6.833094035303915e6,2.8962799895666e6,2.613435636249996e7,0.0,3.0
32,4.0,444,0.0,286081.4262386357,6.933309046661325e6,2.900955899200136e6,3.1755045517187472e7,0.0,2.0
32,4.375,486,0.0,277493.84296762606,7.149807071543975e6,3.001573264382803e6,2.804508944374985e7,0.0,1.0
32,4.75,527,0.0,290856.31898867874,8.441727072597899e6,3.218727881252992e6,3.4940289181249976e7,0.0,1.0
32,5.125,569,0.0,244744.65130258567,7.294468725730199e6,2.9551390128316954e6,2.5115199155859355e7,0.0,0.0
32,5.5,610,0.0,230524.67531966537,7.428149329096939e6,2.8277178225809927e6,2.5675514197656248e7,0.0,0.0
32,5.875,652,0.0,235567.2802924642,7.912246807205539e6,2.94937170605719e6,3.1011018566406198e7,0.0,0.0
32,6.25,694,0.0,235371.49961532018,8.228231550621141e6,3.0545538204691103e6,2.7520820849218737e7,0.0,0.0
32,6.625,735,0.0,214611.21182542658,8.712421933323689e6,2.8803048165107896e6,2.837423366718748e7,0.0,0.0
32,7.0,777,0.0,231082.52672083006,8.908115762832481e6,3.049011278643181e6,3.0356859346874997e7,0.0,0.0
32,7.375,818,0.0,207677.26980259718,9.016090936994541e6,2.9311609716468975e6,2.8232650647656236e7,0.0,0.0
32,7.75,860,0.0,203925.4715995611,9.588639032052923e6,3.003934795052879e6,2.216931599374999e7,0.0,1.0
32,8.125,902,0.0,209968.26697478764,9.819955473613815e6,2.946331470024107e6,2.6285457588476453e7,0.0,0.0
32,8.5,943,0.0,192366.66421732344,9.785983257981118e6,2.8157908725447506e6,3.186941152343746e7,0.0,0.0
32,8.875,985,0.0,181610.56371600932,9.160950922259912e6,2.801667182953257e6,2.3403925114843734e7,0.0,0.0
32,9.25,1026,0.0,157331.76255605373,8.295092304917406e6,2.4788122058690353e6,2.3775948199999955e7,0.0,0.0
32,9.625,1068,0.0,148689.1455734839,8.151052181214112e6,2.453478882702522e6,2.3729088639062494e7,0.0,2.0
32,10.0,1110,0.0,152645.7496894697,8.302276735104989e6,2.5157697009455403e6,2.2885203263671864e7,0.0,0.0
34,1.0,120,0.0,1.1903699177812892e6,1.9165360984011494e7,6.398376201781644e6,5.748999126044917e7,0.0,0.0
34,1.375,165,0.0,774630.817017064,1.3508913522027798e7,5.071299499467196e6,6.120886901328121e7,0.0,0.0
34,1.75,210,0.0,585733.2506006332,9.967140416251663e6,4.148160583567246e6,3.9580126391406246e7,0.0,0.0
34,2.125,255,0.0,476576.7275961969,9.414433215215946e6,3.7912099153101463e6,3.3227644418749902e7,0.0,0.0
34,2.5,300,0.0,519973.33199719427,9.958859762428774e6,4.255308697996748e6,5.42081974796875e7,0.0,0.0
34,2.875,345,0.0,457789.7518365224,8.780495267129071e6,4.0833424914546628e6,4.48001381822265e7,0.0,0.0
34,3.25,390,0.0,423421.6749202294,9.29782910182421e6,4.080077945782847e6,4.450744607724608e7,0.0,0.0
34,3.625,435,0.0,350967.2388038564,7.492760449283853e6,3.679635255417802e6,4.1258751978124954e7,0.0,0.0
34,4.0,480,0.0,356236.2825115691,8.1848945440870235e6,3.858716717422181e6,3.840738001425779e7,0.0,0.0
34,4.375,525,0.0,360068.7151245152,9.056026707549613e6,4.028915611634422e6,4.254145884580076e7,0.0,0.0
34,4.75,570,0.0,334702.70006659656,8.86163512679299e6,3.912094626594546e6,3.977217871425779e7,0.0,0.0
34,5.125,615,0.0,315680.39060239366,8.172785482389186e6,3.668445746021297e6,3.0070308665136665e7,0.0,0.0
34,5.5,660,0.0,297562.23756154627,8.326182907380383e6,3.737795810283823e6,4.5600385790136695e7,0.0,0.0
34,5.875,705,0.0,231566.9930343539,6.894543669424545e6,3.060555262436849e6,3.1884457628320295e7,0.0,0.0
34,6.25,750,0.0,215439.0820820068,6.746287278373251e6,2.8656758500171863e6,2.8717851478710935e7,0.0,0.0
34,6.625,795,0.0,232142.19867019344,7.555535675203169e6,3.2576755900951046e6,2.8516757783886705e7,0.0,0.0
34,7.0,840,0.0,227519.1669071535,7.936631555672881e6,3.134457847075194e6,2.5851569295117162e7,0.0,0.0
34,7.375,885,0.0,199046.31173346352,7.331155612405911e6,2.9558268767607445e6,3.204786779101558e7,0.0,0.0
34,7.75,930,0.0,198897.4289755801,7.293419520883249e6,2.9788052577474425e6,3.407563706718748e7,0.0,0.0
34,8.125,975,0.0,187845.57768783375,7.507340811799091e6,2.959155701883644e6,2.5814576304687478e7,0.0,0.0
34,8.5,1020,0.0,169192.39447474308,7.239706493614309e6,2.734312079376976e6,2.2430031131103512e7,0.0,0.0
34,8.875,1065,0.0,164753.10716222663,7.360347855919733e6,2.6028570528526604e6,3.1094473805859376e7,0.0,0.0
34,9.25,1110,0.0,159914.45384078164,7.007740204475141e6,2.6602833610244906e6,2.6642064884228513e7,0.0,0.0
34,9.625,1155,0.0,149548.04248261717,6.72445505996395e6,2.520844988769221e6,2.4132283108203113e7,0.0,0.0
34,10.0,1199,0.0,160713.52876803675,8.348904922933277e6,2.6540374155223835e6,2.5300339766113266e7,0.0,0.0
36,1.0,130,0.0,1.1574369454965445e6,2.061838028389185e7,6.338129892608462e6,6.209717276796872e7,0.0,0.0
36,1.375,178,0.0,786370.8217904596,1.6358981517715715e7,5.318153753301414e6,5.724027618124984e7,0.0,0.0
36,1.75,226,0.0,582750.567472171,1.2042907003157407e7,4.316526986823937e6,4.9928166448437445e7,0.0,0.0
36,2.125,275,0.0,636664.2348685524,1.3449937811989576e7,5.20863049815079e6,5.990492844999992e7,0.0,0.0
36,2.5,323,0.0,536744.1915380757,1.1798275948582096e7,4.597231810163673e6,5.1921825787499994e7,0.0,0.0
36,2.875,371,0.0,523460.11699958245,1.1211163749068795e7,4.851816800769818e6,4.938012263164052e7,0.0,0.0
36,3.25,420,0.0,469936.07097585313,1.0242285302916694e7,4.435651202097067e6,5.398454730419918e7,0.0,0.0
36,3.625,468,0.0,430923.6216250444,1.0465627793782495e7,4.653032161463536e6,4.419821724414061e7,0.0,0.0
36,4.0,517,0.0,397036.2345261639,9.093334754297648e6,4.585696053861316e6,3.793236685312493e7,0.0,0.0
36,4.375,565,0.0,377253.78995875467,9.880587935553344e6,4.377949206361802e6,4.684282486484374e7,0.0,0.0
36,4.75,613,0.0,350648.7663286739,8.613656917294666e6,4.062039616003558e6,4.482351013749988e7,0.0,0.0
36,5.125,662,0.0,281409.8036179276,7.075104632215493e6,3.520216236778874e6,4.766594845312499e7,0.0,0.0
36,5.5,710,0.0,261002.92954899964,6.939185228825718e6,3.517536874639117e6,3.756045003749996e7,0.0,0.0
36,5.875,758,0.0,242580.65249693365,6.750073700534884e6,3.234663269981485e6,2.847498387812499e7,0.0,0.0
36,6.25,807,0.0,239249.00459178287,6.968521199523719e6,3.323526079310679e6,3.891931377499998e7,0.0,0.0
36,6.625,855,0.0,266651.9541119408,7.589398555441832e6,3.7858989621496713e6,3.491053336718749e7,0.0,0.0
36,7.0,904,0.0,215785.75489941423,7.311374612683002e6,3.104125411140153e6,3.441682426562497e7,0.0,0.0
36,7.375,952,0.0,232079.49203676137,7.588505284133613e6,3.6392490022263983e6,4.4822242887695156e7,0.0,0.0
36,7.75,1000,0.0,219303.60995681383,7.389684289705012e6,3.5166152857050104e6,3.993054959433586e7,0.0,0.0
36,8.125,1049,0.0,232266.31333121675,7.877457664243488e6,3.6529544605689e6,3.852956176464842e7,0.0,0.0
36,8.5,1097,0.0,209126.14126822248,7.748016466944927e6,3.426743755700884e6,3.0833631671874978e7,0.0,0.0
36,8.875,1145,0.0,195841.4127087606,7.170960293693485e6,3.2642158308773255e6,4.116640060234373e7,0.0,0.0
36,9.25,1194,0.0,187696.94875890185,7.664517873406925e6,3.1498876091708196e6,2.9357445465625e7,0.0,0.0
36,9.625,1242,0.0,172786.09730712074,7.298738354755413e6,2.9742848768160422e6,2.6472488125585932e7,0.0,0.0
36,10.0,1291,0.0,177639.64687886077,7.082844321006961e6,3.028503290055719e6,2.7481520978906207e7,0.0,0.0
38,1.0,139,0.0,1.1555928086293587e6,2.1578004668166906e7,6.911749482643995e6,8.016151929062496e7,0.0,0.0
38,1.375,191,0.0,814786.3786908694,1.8522740302345797e7,5.769021300839242e6,5.3248163012499996e7,0.0,0.0
38,1.75,242,0.0,604453.410541692,1.4180339975231133e7,4.8699848459505085e6,4.517908433671872e7,0.0,0.0
38,2.125,294,0.0,664473.2908680196,1.5367722786860213e7,5.656561230787258e6,6.846687192031246e7,0.0,0.0
38,2.5,346,0.0,583756.173502685,1.437638753215224e7,5.239889974157074e6,5.1316614259667955e7,0.0,0.0
38,2.875,398,0.0,527188.5047989658,1.3072399661132688e7,5.015702712400945e6,5.852296033554678e7,0.0,0.0
38,3.25,450,0.0,489222.1810029517,1.3667503741089161e7,5.164433310731605e6,5.436292086269528e7,0.0,0.0
38,3.625,502,0.0,416665.1750425742,1.063210310049889e7,4.489653348980103e6,3.850485334550781e7,0.0,0.0
38,4.0,553,0.0,397040.98411147896,1.141302976729368e7,4.892648667633761e6,4.4584817130004875e7,0.0,0.0
38,4.375,605,0.0,388285.7524668828,1.046213725302694e7,4.743589372614127e6,4.588606620156239e7,0.0,0.0
38,4.75,657,0.0,349703.136698765,9.167959397861913e6,4.303365731330376e6,3.381468729257812e7,0.0,0.0
38,5.125,709,0.0,321312.303825786,9.71928821659248e6,4.321231562091604e6,4.8597993286718704e7,0.0,0.0
38,5.5,761,0.0,308258.2878834979,8.366021591889672e6,4.0980039307824494e6,4.010696460859374e7,0.0,0.0
38,5.875,813,0.0,289637.8402264537,9.17193514083842e6,4.1403933868414448e6,5.350720635722652e7,0.0,0.0
38,6.25,864,0.0,301638.7834756551,9.809477336508442e6,4.388018827742452e6,5.108493398437497e7,0.0,0.0
38,6.625,916,0.0,257848.32956521065,7.906943167932237e6,3.8865389302107897e6,3.874979053703606e7,0.0,0.0
38,7.0,968,0.0,272889.1791616294,8.334578940221698e6,4.0677447435980868e6,6.253230946484372e7,0.0,0.0
38,7.375,1020,0.0,253257.60635243024,9.067862126291102e6,4.114819446469715e6,5.1677661848828085e7,0.0,0.0
38,7.75,1072,0.0,241505.17313587933,8.81542120238728e6,3.797679347843415e6,4.215158101054686e7,0.0,0.0
38,8.125,1124,0.0,245555.94633976504,7.826225585852576e6,3.7982157112827627e6,3.5064982348071285e7,0.0,0.0
38,8.5,1175,0.0,228550.1078458648,8.256084329171711e6,4.116095564725048e6,4.344056464736327e7,0.0,0.0
38,8.875,1227,0.0,211805.39320421568,7.923904665626282e6,3.877506923434115e6,3.1743159059765607e7,0.0,0.0
38,9.25,1279,0.0,205128.29836232183,7.395584071147904e6,3.705087328261502e6,3.065688751899412e7,0.0,0.0
38,9.625,1331,0.0,199758.47535719967,7.725060075434027e6,3.451363205175603e6,3.372325391196286e7,0.0,0.0
38,10.0,1383,0.0,202856.33537851446,7.68309415641289e6,3.633859272836809e6,3.592523000014643e7,0.0,0.0
40,1.0,148,0.0,1.1934326399643356e6,2.3617797300731115e7,7.319455883255279e6,6.785855836874999e7,0.0,0.0
40,1.375,203,0.0,860435.2845878414,1.8705500671732493e7,6.110318134634725e6,6.760359977148435e7,0.0,0.0
40,1.75,259,0.0,770003.6824777963,1.9279611034214128e7,6.001661005151963e6,5.985302092187497e7,0.0,0.0
40,2.125,314,0.0,705242.4007586096,1.9688763963020235e7,6.117659459280798e6,6.978403062812474e7,0.0,0.0
40,2.5,369,0.0,610028.3776637132,1.81136414455301e7,5.570652894012677e6,5.319155969374997e7,0.0,0.0
40,2.875,425,0.0,524761.2964061064,1.56734199503891e7,5.203788349544482e6,6.115767690781237e7,0.0,0.0
40,3.25,480,0.0,463353.2374420166,1.3143814636362316e7,4.893218849966127e6,5.353043834804678e7,0.0,0.0
40,3.625,535,0.0,468613.19381933473,1.4194273690047562e7,5.392327596957792e6,6.174105302265625e7,0.0,0.0
40,4.0,591,0.0,433252.057418281,1.3036411129820846e7,5.170515643281688e6,6.869755073125e7,0.0,0.0
40,4.375,646,0.0,412329.2817830065,1.2954792737853136e7,5.223186788772203e6,3.9342007075878836e7,0.0,0.0
40,4.75,701,0.0,376935.0669635767,1.311522118094418e7,5.188265670719923e6,6.28554477359374e7,0.0,0.0
40,5.125,757,0.0,355164.0231676089,1.1916704425546642e7,4.783907234787981e6,6.732082956718747e7,0.0,0.0
40,5.5,812,0.0,350132.897462065,1.1414066269043894e7,4.919052572887565e6,4.606042075624997e7,0.0,0.0
40,5.875,867,0.0,309772.80980849575,1.078448743986023e7,4.433252536968084e6,4.535901050605459e7,0.0,0.0
40,6.25,923,0.0,283639.06525252527,9.121809105460063e6,4.1832286422915906e6,3.621551925937499e7,0.0,0.0
40,6.625,978,0.0,295745.5190654142,9.934929317856088e6,4.693756846405871e6,5.3022607329687476e7,0.0,0.0
40,7.0,1033,0.0,288412.7149720723,9.927212641116418e6,4.662528333655428e6,4.5265674365624964e7,0.0,0.0
40,7.375,1089,0.0,269183.3305146819,8.854065246600611e6,4.335396606967809e6,4.588596720624997e7,0.0,0.0
40,7.75,1144,0.0,244963.88047489582,9.087539693727888e6,4.1485839482658347e6,3.9866620224218614e7,0.0,0.0
40,8.125,1199,0.0,245199.8287236084,9.1275536172992e6,4.2304014460339e6,4.213451579296874e7,0.0,0.0
40,8.5,1255,0.0,235730.17415116142,7.915027939508453e6,4.122490060983504e6,3.6903790532421805e7,0.0,0.0
40,8.875,1310,0.0,220362.0815294382,7.492423248319559e6,3.7481774226508373e6,3.853417326376951e7,0.0,0.0
40,9.25,1365,0.0,217548.22817481746,7.993864483725911e6,4.109127556386338e6,3.599537132128902e7,0.0,0.0
40,9.625,1421,0.0,220397.29754720116,8.587897491421476e6,4.1073672763630277e6,3.71134223859375e7,0.0,0.0
40,10.0,1476,0.0,192922.64363042836,7.192139926033638e6,3.847553641394362e6,4.5998296031249985e7,0.0,0.0
42,1.0,157,0.0,1.1862657805188415e6,2.5887912467757955e7,7.417433703560431e6,8.396752981874998e7,0.0,0.0
42,1.375,216,0.0,837924.7066910355,2.180737661766042e7,6.154258605221494e6,6.013864665917966e7,0.0,0.0
42,1.75,275,0.0,942132.7677328214,2.7225022125275403e7,7.770031856970299e6,8.310898736874998e7,0.0,0.0
42,2.125,334,0.0,798593.711429162,2.245318039748872e7,6.986931768644059e6,9.640698352656238e7,0.0,0.0
42,2.5,393,0.0,709501.1619195137,2.1779328286249064e7,6.799207575494468e6,6.5539110479687236e7,0.0,0.0
42,2.875,452,0.0,544879.4464654332,1.6940498217998162e7,5.833026582350053e6,6.156293735156241e7,0.0,0.0
42,3.25,511,0.0,494938.8735925782,1.603346120276466e7,5.167276964222351e6,5.716168641254882e7,0.0,0.0
42,3.625,570,0.0,500342.27159162983,1.739569372870045e7,5.860973082094911e6,6.88375257148437e7,0.0,0.0
42,4.0,628,0.0,526548.7090886111,1.8366756778567128e7,6.485547105222246e6,7.683210365234366e7,0.0,0.0
42,4.375,687,0.0,489826.88652054395,1.7582525280962385e7,6.341174387337766e6,7.274019490156247e7,0.0,0.0
42,4.75,746,0.0,392900.79217673116,1.445683799282271e7,5.272841623148428e6,6.6362873758593716e7,0.0,0.0
42,5.125,805,0.0,365471.32469879417,1.3126437884159394e7,4.9741227229210455e6,4.542478937890616e7,0.0,0.0
42,5.5,864,0.0,385677.1555688382,1.4128601550545584e7,5.597768763261776e6,6.082241235351551e7,0.0,0.0
42,5.875,923,0.0,316740.99814442045,1.2683442630963959e7,4.920360427642101e6,3.654185906484375e7,0.0,0.0
42,6.25,982,0.0,295429.2590650881,1.0733121667007651e7,4.662760052618772e6,4.8317031120117135e7,0.0,0.0
42,6.625,1041,0.0,290205.7632800422,1.1338859366474435e7,4.595367150792463e6,4.5073593043749824e7,0.0,0.0
42,7.0,1099,0.0,269066.18102694815,1.129255391989843e7,4.349940538452117e6,6.817949464838865e7,0.0,0.0
42,7.375,1158,0.0,263238.48188752093,1.0764122517555388e7,4.351833871750094e6,4.5679864999413855e7,0.0,0.0
42,7.75,1217,0.0,270792.04757955426,1.0906999410075668e7,4.84031369715978e6,5.383568276523418e7,0.0,0.0
42,8.125,1276,0.0,235512.57594109475,9.659524508815076e6,4.1870364738835027e6,4.4305059282031156e7,0.0,0.0
42,8.5,1335,0.0,260867.2915511828,1.0350682262783669e7,4.600468172412963e6,4.784256864179678e7,0.0,0.0
42,8.875,1394,0.0,225271.05105221528,9.073731127692128e6,4.212711479489666e6,3.905588262436518e7,0.0,0.0
42,9.25,1453,0.0,205962.83462439483,9.121341756550994e6,4.12246891766278e6,3.962840205063476e7,0.0,0.0
42,9.625,1511,0.0,222020.1976341261,9.65360347669463e6,4.343621290950094e6,3.945933045253901e7,0.0,0.0
42,10.0,1570,0.0,213009.6685115992,9.70119846149013e6,4.0914080340933353e6,3.621507534589843e7,0.0,0.0
44,1.0,167,0.0,1.2043357181973942e6,2.5602840763305593e7,7.738244263327606e6,6.905897533437492e7,0.0,0.0
44,1.375,229,0.0,896310.2465825643,2.135578811721786e7,6.80004084911924e6,7.152214437812494e7,0.0,0.0
44,1.75,292,0.0,941847.7296694403,2.6839849580533013e7,8.070602553844251e6,8.905758226249999e7,0.0,0.0
44,2.125,354,0.0,713751.9361455669,2.3408925164792165e7,6.752388724114796e6,8.340489020703115e7,0.0,0.0
44,2.5,417,0.0,679180.1116844013,2.3084904422714494e7,6.841615760421293e6,7.959659832499996e7,0.0,0.0
44,2.875,479,0.0,580588.2185254825,1.9896105430570714e7,6.349288250010263e6,6.3124799631249994e7,0.0,0.0
44,3.25,542,0.0,612569.0937011093,2.197545562643799e7,6.774967497614634e6,7.940963352812491e7,0.0,0.0
44,3.625,604,0.0,561832.0860138698,2.1639576931694537e7,6.765010041808389e6,7.375521013124996e7,0.0,0.0
44,4.0,667,0.0,501511.14510973427,1.877027104630375e7,6.468343863015261e6,8.68361633656248e7,0.0,0.0
44,4.375,729,0.0,436728.43534415704,1.6690954679185553e7,5.753049015912972e6,6.2371005654687494e7,0.0,0.0
44,4.75,791,0.0,415214.4477344963,1.6720936687656954e7,5.556212821551044e6,5.356463611874991e7,0.0,0.0
44,5.125,854,0.0,373792.38768871943,1.5894193008553594e7,5.442139331912618e6,4.5960968867187455e7,0.0,0.0
44,5.5,916,0.0,336756.0281322596,1.5233611614982849e7,5.364864288451184e6,5.426460131640621e7,0.0,0.0
44,5.875,979,0.0,311704.261299258,1.3765943089782555e7,5.156073311203718e6,6.2703949500585936e7,0.0,0.0
44,6.25,1041,0.0,328921.69588116475,1.5562509709614892e7,5.186183113117554e6,6.2309122631249994e7,0.0,0.0
44,6.625,1104,0.0,283107.3276417359,1.2938566279952336e7,4.667946065596984e6,6.82192882070311e7,0.0,0.0
44,7.0,1166,0.0,281414.5672998314,1.3585718019945318e7,4.927245525426679e6,4.308642109531248e7,0.0,0.0
44,7.375,1228,0.0,293287.34794510773,1.4266342611554487e7,4.993902382136711e6,4.7406881681249954e7,0.0,0.0
44,7.75,1291,0.0,272772.4052493626,1.2631788730626743e7,4.904567083583269e6,4.3324378207812384e7,0.0,0.0
44,8.125,1353,0.0,260326.82526889697,1.2873266634720821e7,4.544675470386077e6,4.821457293437489e7,0.0,0.0
44,8.5,1416,0.0,258213.1382903299,1.3061533651329525e7,4.859687691151999e6,4.867468840781222e7,0.0,0.0
44,8.875,1478,0.0,276680.2940141832,1.3057424585299749e7,5.289421440767116e6,5.108908647499994e7,0.0,0.0
44,9.25,1541,0.0,255391.85607735883,1.237657352734981e7,4.709945130286565e6,4.2167432771093704e7,0.0,0.0
44,9.625,1603,0.0,251150.12434178265,1.3150675803397886e7,5.11227238683985e6,6.025760451523438e7,0.0,0.0
44,10.0,1666,0.0,233918.721598576,1.2180896314004928e7,4.747402230471063e6,4.99160377609374e7,0.0,0.0
46,1.0,177,0.0,1.2963416671313269e6,3.222403088896563e7,8.303951089735655e6,9.29171679152343e7,0.0,0.0
46,1.375,243,0.0,867627.2288416796,2.3154866590080794e7,6.638081370311953e6,7.815083751718746e7,0.0,0.0
46,1.75,309,0.0,861875.2518860654,2.7243458319808982e7,7.39743708690339e6,7.103683834257805e7,0.0,0.0
46,2.125,375,0.0,795510.7803161417,2.3906593362659123e7,7.551763480969351e6,6.813511131562488e7,0.0,0.0
46,2.5,441,0.0,704863.2698572206,2.6013181722197004e7,7.498065065038769e6,8.262350491562499e7,0.0,0.0
46,2.875,507,0.0,635147.3923461131,2.373459776704625e7,7.077742207843645e6,6.82004016476558e7,0.0,0.0
46,3.25,573,0.0,552578.8536065952,2.1121938249681532e7,6.854078799417198e6,6.5846176795312375e7,0.0,0.0
46,3.625,639,0.0,463348.3566349728,1.9518132104616363e7,6.074812467382966e6,6.721402432499994e7,0.0,0.0
46,4.0,705,0.0,471350.4905719405,2.002716337750437e7,6.12428537049977e6,9.052452327929688e7,0.0,0.0
46,4.375,771,0.0,474042.7242798464,2.1836147956622943e7,6.584879457851434e6,8.752611281406249e7,0.0,0.0
46,4.75,837,0.0,426589.78235473763,1.8632534325257562e7,6.423129550810217e6,5.835455807265624e7,0.0,0.0
46,5.125,903,0.0,372711.9236347034,1.8119196281267546e7,5.582804841700968e6,5.371607537187498e7,0.0,0.0
46,5.5,969,0.0,369047.619263031,1.807579263461952e7,5.785405638397504e6,6.489390434609372e7,0.0,0.0
46,5.875,1035,0.0,365955.5702238963,1.767470220834057e7,5.800474639084986e6,7.981836901015615e7,0.0,0.0
46,6.25,1101,0.0,335351.61310265085,1.6615671842856547e7,5.640404898356432e6,5.434358003378903e7,0.0,0.0
46,6.625,1167,0.0,327813.61404645024,1.5384692553062702e7,5.406140490986856e6,4.960413434374998e7,0.0,0.0
46,7.0,1233,0.0,305275.07975293597,1.487352788760585e7,5.421133430326764e6,6.506586947968749e7,0.0,0.0
46,7.375,1299,0.0,295931.4018446428,1.4839735627521828e7,5.274366027581159e6,5.7995039417187355e7,0.0,0.0
46,7.75,1365,0.0,304313.2800992022,1.683330621779543e7,5.703980358705985e6,5.101029967031245e7,0.0,0.0
46,8.125,1431,0.0,300659.3067473152,1.6392116446487986e7,5.916094808993753e6,7.293801528671867e7,0.0,0.0
46,8.5,1497,0.0,282208.5340358579,1.5851853186800482e7,5.423075994647194e6,6.259739828281239e7,0.0,0.0
46,8.875,1564,0.0,244743.929670368,1.4282006621495562e7,4.922571387492768e6,4.159082161289058e7,0.0,0.0
46,9.25,1630,0.0,269812.7659603657,1.5621394821580693e7,5.425702847843437e6,7.092110928359374e7,0.0,0.0
46,9.625,1696,0.0,240833.27241805475,1.3134947619080734e7,5.016758522844486e6,5.9584804118945286e7,0.0,0.0
46,10.0,1762,0.0,246547.8920544044,1.4742260201804332e7,5.3006169741551485e6,5.872827402031243e7,0.0,0.0
48,1.0,186,0.0,1.2687651463842904e6,3.0592656715944774e7,8.40558729900707e6,1.0688664054062499e8,0.0,0.0
48,1.375,256,0.0,918465.2811328769,2.608129766133454e7,7.5659574530221075e6,6.6052462429687485e7,0.0,0.0
48,1.75,326,0.0,996470.3683267605,3.2323284528589983e7,8.627333213372963e6,9.624590983749996e7,0.0,0.0
48,2.125,395,0.0,753753.8357026498,2.497710066094752e7,7.445032314030277e6,9.935198164999999e7,0.0,0.0
48,2.5,465,0.0,632913.0803624471,2.4505501399632275e7,6.877750331679145e6,8.33357776874999e7,0.0,0.0
48,2.875,535,0.0,622169.3396803811,2.5136486273397915e7,7.398250026135953e6,7.969666426874998e7,0.0,0.0
48,3.25,604,0.0,635296.4322286441,2.5811402594349787e7,7.579953069938587e6,7.222257939999989e7,0.0,0.0
48,3.625,674,0.0,534082.0029324043,2.3907480431422718e7,6.759190682930015e6,7.5689688303125e7,0.0,0.0
48,4.0,744,0.0,452226.69333168765,2.0279217413203705e7,6.147746391720054e6,7.516763518437499e7,0.0,0.0
48,4.375,813,0.0,432589.212007098,2.0641218558898725e7,6.268147241402577e6,6.885809768124999e7,0.0,0.0
48,4.75,883,0.0,438599.77837291476,2.1272968272239946e7,6.5695507679132e6,6.5883277971874975e7,0.0,0.0
48,5.125,953,0.0,439879.1980596504,2.2745186841306157e7,6.606007763290943e6,6.6725589703125e7,0.0,0.0
48,5.5,1022,0.0,408869.9978717423,2.0312244598210294e7,6.491928032916324e6,6.035956774999997e7,0.0,0.0
48,5.875,1092,0.0,376876.12986209017,2.1212831270260904e7,6.22648419103918e6,7.24271992539062e7,0.0,0.0
48,6.25,1162,0.0,352612.14918369026,1.854107574360448e7,6.137740348326302e6,6.5792682967382744e7,0.0,0.0
48,6.625,1232,0.0,333727.1739075277,1.912883896788674e7,5.682386920241483e6,6.528400625624987e7,0.0,0.0
48,7.0,1301,0.0,344372.24057302397,1.94932538335109e7,6.409435593762444e6,5.6309468253125e7,0.0,0.0
48,7.375,1371,0.0,346874.7363511968,1.939607030556974e7,6.129556692347904e6,7.254208689375e7,0.0,0.0
48,7.75,1441,0.0,299064.3517533527,1.6928473588422384e7,5.822733382858175e6,6.318896248535151e7,0.0,0.0
48,8.125,1510,0.0,316655.9905983426,1.8158199557376843e7,6.014212511429353e6,6.4145639682031214e7,0.0,0.0
48,8.5,1580,0.0,295364.99651394616,1.8702049181016356e7,5.9585325330337975e6,7.501950401874985e7,0.0,0.0
48,8.875,1650,0.0,286615.08829979633,1.8288030371169046e7,6.02992392388069e6,5.252368922343748e7,0.0,0.0
48,9.25,1719,0.0,300211.6780574615,1.943214756310535e7,5.768702740031945e6,6.696000408437497e7,0.0,0.0
48,9.625,1789,0.0,255219.5194485975,1.6102181702556899e7,5.232259539603437e6,8.00660118125e7,0.0,0.0
48,10.0,1859,0.0,261751.16578807,1.715414507706503e7,5.813873843534299e6,5.7117133563281216e7,0.0,0.0
50,1.0,196,0.0,1.1946435782264008e6,3.0059932897168882e7,8.73013028858837e6,9.426584846249998e7,0.0,0.0
50,1.375,269,0.0,1.313707501262452e6,4.005542591164014e7,1.0822056363827698e7,1.380105558570311e8,0.0,0.0
50,1.75,343,0.0,1.1666866223975534e6,3.850610605286102e7,1.0787603279990617e7,1.2386246529062493e8,0.0,0.0
50,2.125,416,0.0,859759.599883318,3.1027555884187765e7,9.20301950681347e6,8.16546955808593e7,0.0,0.0
50,2.5,490,0.0,705410.6329698679,2.832628230037308e7,7.934047880546514e6,8.286828576679684e7,0.0,0.0
50,2.875,563,0.0,686610.2225544422,2.918515573381502e7,8.110009108744755e6,9.184987852734354e7,0.0,0.0
50,3.25,636,0.0,557202.0434259919,2.567444075515215e7,7.050211896618543e6,7.332734785234365e7,0.0,0.0
50,3.625,710,0.0,555943.7288345553,2.4776067545112133e7,7.162940272898873e6,1.061723757453124e8,0.0,0.0
50,4.0,783,0.0,502071.67410385504,2.2490906773876525e7,6.548669242647122e6,7.567870239218745e7,0.0,0.0
50,4.375,856,0.0,502760.80298151704,2.5501331718300954e7,7.218942426563289e6,8.578557482187484e7,0.0,0.0
50,4.75,930,0.0,467312.4528789726,2.389140401026106e7,6.873222725846706e6,6.882381281328122e7,0.0,0.0
50,5.125,1003,0.0,444909.891484988,2.3429005330492266e7,6.648670025425665e6,8.34574749235838e7,0.0,0.0
50,5.5,1076,0.0,388786.01423465984,2.2306469769662347e7,6.376786511209962e6,5.9999477949609265e7,0.0,0.0
50,5.875,1150,0.0,385702.51748008805,2.293071459040918e7,6.659283889747481e6,7.583314503671831e7,0.0,0.0
50,6.25,1223,0.0,386426.7085931564,2.1297800093163826e7,6.854994418057587e6,7.198968187363277e7,0.0,0.0
50,6.625,1296,0.0,356989.1911800986,2.1895336994642634e7,6.659495582633054e6,5.5510864568029635e7,0.0,0.0
50,7.0,1370,0.0,361248.0044192878,2.131575072527703e7,6.855887452545622e6,7.300655041562495e7,0.0,0.0
50,7.375,1443,0.0,324103.1679493672,2.1885575871965118e7,6.259915275057014e6,6.286674352539045e7,0.0,0.0
50,7.75,1516,0.0,300515.4257914278,2.015930567181603e7,5.99326451123976e6,6.016557653593747e7,0.0,0.0
50,8.125,1590,0.0,293259.1267673037,1.953810353713797e7,5.725847182455223e6,5.537217139921872e7,0.0,0.0
50,8.5,1663,0.0,296696.10108494025,2.0446156371626038e7,6.199475570222307e6,6.752214780195312e7,0.0,0.0
50,8.875,1736,0.0,276494.889369992,1.7540594419270527e7,5.860243210144033e6,5.730260392421867e7,0.0,0.0
50,9.25,1810,0.0,276292.8038461142,2.027450070375844e7,6.366116256971456e6,6.540119153359371e7,0.0,0.0
50,9.625,1883,0.0,275106.9089374995,1.8227500366024353e7,5.922177364765767e6,5.98910051832031e7,0.0,0.0
50,10.0,1957,0.0,271058.6120971149,1.9534847904284053e7,6.036661269134525e6,6.26573250609375e7,0.0,0.0
52,1.0,206,0.0,1.2626273013364922e6,3.203569598808558e7,9.142411410721976e6,1.2825808240624985e8,0.0,0.0
52,1.375,283,0.0,1.2988612322512784e6,4.06470884428706e7,1.0876275004176086e7,8.549776519999991e7,0.0,0.0
52,1.75,360,0.0,1.077270061802843e6,3.533554451133858e7,1.0178719847956087e7,1.1091104009687495e8,0.0,0.0
52,2.125,437,0.0,874632.253472265,3.6578915955593765e7,8.975361254829079e6,1.0062070152343746e8,0.0,0.0
52,2.5,514,0.0,802467.2065775534,3.328039396126419e7,8.945150339123044e6,1.0761690875546873e8,0.0,0.0
52,2.875,591,0.0,691543.7661666677,2.8053429583915588e7,8.530194120536814e6,7.407377529687485e7,0.0,0.0
52,3.25,668,0.0,614762.4227195329,2.995071938584754e7,8.349657872728329e6,8.815869543749999e7,0.0,0.0
52,3.625,745,0.0,554753.1825370379,2.7846861777032427e7,7.973043527811158e6,7.794981017421874e7,0.0,0.0
52,4.0,822,0.0,521921.17830230074,2.5662065580345668e7,7.398118638622169e6,9.188448779999998e7,0.0,0.0
52,4.375,899,0.0,492748.9929501339,2.8032057816306785e7,7.417154177164753e6,7.764629306249997e7,0.0,0.0
52,4.75,976,0.0,451386.6431635872,2.462111852332935e7,6.999411604009641e6,8.324615125312498e7,0.0,0.0
52,5.125,1054,0.0,456728.71068484697,2.3940747462402806e7,7.829321035935858e6,8.510644529062474e7,0.0,0.0
52,5.5,1131,0.0,413963.66911760037,2.4505710854263816e7,7.113860633708488e6,7.205897169687493e7,0.0,0.0
52,5.875,1208,0.0,410767.91461359744,2.4285851535448465e7,7.36386573164211e6,6.6119428435937494e7,0.0,0.0
52,6.25,1285,0.0,367965.9966457026,2.3496238086487286e7,6.850941145010188e6,6.600363295937495e7,0.0,0.0
52,6.625,1362,0.0,331320.62577789585,2.116310210090526e7,6.293498711081699e6,5.794599663945313e7,0.0,0.0
52,7.0,1439,0.0,322124.9304045067,2.128706447403706e7,6.044518622650981e6,6.180533681093748e7,0.0,0.0
52,7.375,1516,0.0,339188.7782436335,2.4969254910087913e7,6.998710001163499e6,6.199026323749992e7,0.0,0.0
52,7.75,1593,0.0,318632.01377413183,2.3796786447905853e7,6.517482073333611e6,5.8943419576562464e7,0.0,0.0
52,8.125,1670,0.0,302331.2891875856,2.1340277979940817e7,6.190178477424966e6,7.631945990468751e7,0.0,0.0
52,8.5,1747,0.0,312670.84812418034,2.2245740243036784e7,6.711002914161937e6,6.993385813749987e7,0.0,0.0
52,8.875,1824,0.0,301327.29529847595,2.2184387365476362e7,6.434884880957322e6,6.837616662499978e7,0.0,0.0
52,9.25,1901,0.0,291074.6248960861,2.148049194698703e7,6.28528317903299e6,7.888363149062496e7,0.0,0.0
52,9.625,1978,0.0,261742.5271624482,2.0106874984307438e7,6.085510128802806e6,6.349440799531248e7,0.0,0.0
52,10.0,2055,0.0,269708.8153423132,2.0455422957511745e7,6.292311884785565e6,7.607424215624991e7,0.0,0.0
54,1.0,216,0.0,1.262490066624253e6,3.485855992297238e7,9.767236820137737e6,1.0775618979374981e8,0.0,0.0
54,1.375,297,0.0,1.3804666962595724e6,4.505181431191658e7,1.2595440630457912e7,1.447063436624996e8,0.0,0.0
54,1.75,377,0.0,1.054897276400093e6,3.9676173800141305e7,1.0202894723229066e7,1.1898083156718746e8,0.0,0.0
54,2.125,458,0.0,769651.5661769111,3.18449329037605e7,8.228619469899245e6,9.519109936249983e7,0.0,0.0
54,2.5,539,0.0,737349.785299885,3.452895480723655e7,8.338419607499985e6,9.491529251874965e7,0.0,0.0
54,2.875,620,0.0,628581.0020750235,3.0651086479705952e7,7.795126364186153e6,1.1624382485937496e8,0.0,0.0
54,3.25,701,0.0,645808.4177139925,3.2549004739525273e7,8.60288861158668e6,1.0205329851718745e8,0.0,0.0
54,3.625,781,0.0,608326.7274015967,3.2985918839052737e7,8.602521586021122e6,8.564972889921862e7,0.0,0.0
54,4.0,862,0.0,536109.6523369171,2.867300993056192e7,7.685634758219347e6,9.492022508593744e7,0.0,0.0
54,4.375,943,0.0,480428.63223372796,2.693673967212358e7,7.601877453686789e6,8.644095559374991e7,0.0,0.0
54,4.75,1024,0.0,450421.15931339934,2.5909635799613595e7,7.425544730494529e6,8.062341279140623e7,0.0,0.0
54,5.125,1104,0.0,439060.79147763876,2.6316925037222758e7,7.480059267802311e6,7.277008357480468e7,0.0,0.0
54,5.5,1185,0.0,436220.70976335875,2.7367236898770537e7,8.037772311196171e6,7.768150544218743e7,0.0,0.0
54,5.875,1266,0.0,393813.8020479826,2.5458898096886177e7,6.900426967580145e6,7.335745993515623e7,0.0,0.0
54,6.25,1347,0.0,368568.5932689272,2.6167098386517987e7,6.952268406542764e6,7.300859921601562e7,0.0,0.0
54,6.625,1428,0.0,406122.4909440315,2.7262012197222672e7,7.740431310751369e6,8.301389717929687e7,0.0,0.0
54,7.0,1508,0.0,339860.14900212706,2.361449730905871e7,6.616195195196843e6,7.736197503281246e7,0.0,0.0
54,7.375,1589,0.0,371879.337545785,2.586696681093767e7,7.215363570060318e6,1.0014902185424793e8,0.0,0.0
54,7.75,1670,0.0,322614.3397054513,2.278024620102145e7,6.670365064826032e6,8.058259182949209e7,0.0,0.0
54,8.125,1751,0.0,309902.43686084426,2.3121156098809272e7,6.9406728257414345e6,7.579069837109375e7,0.0,0.0
54,8.5,1831,0.0,318404.1253307515,2.4547240232019722e7,6.75432942885152e6,9.675634976523432e7,0.0,0.0
54,8.875,1912,0.0,352384.20901643066,2.7701971190387033e7,7.719914261971738e6,8.373364342734371e7,0.0,0.0
54,9.25,1993,0.0,306838.779488898,2.4993355925233837e7,6.812468575211963e6,7.938418630234373e7,0.0,0.0
54,9.625,2074,0.0,287127.3230798716,2.4496457551415946e7,6.447823349068906e6,8.511150646171863e7,0.0,0.0
54,10.0,2155,0.0,283513.1475313651,2.344756442043127e7,6.537604550522212e6,7.43908763836914e7,0.0,0.0
56,1.0,226,0.0,1.2901378383270535e6,3.460919497675844e7,9.602933259293092e6,1.2354020229374991e8,0.0,0.0
56,1.375,310,0.0,1.206724935913283e6,3.915673590578815e7,1.0379599702327846e7,1.2481216111874998e8,0.0,0.0
56,1.75,395,0.0,1.0819503934975155e6,3.905747210779104e7,1.0471453664292475e7,1.3408748439999995e8,0.0,0.0
56,2.125,480,0.0,827259.7486424764,3.1875044455595296e7,8.799109501268387e6,1.0139198893632795e8,0.0,0.0
56,2.5,564,0.0,818701.3801212176,3.5901205990170404e7,9.860581923314802e6,1.2496242763515621e8,0.0,0.0
56,2.875,649,0.0,681888.0830519549,3.2162071281828526e7,8.947577306191526e6,7.983115066874996e7,0.0,0.0
56,3.25,733,0.0,622724.8321185403,3.2835592334109142e7,8.242484782962812e6,9.434198158749992e7,0.0,0.0
56,3.625,818,0.0,577903.8147603901,3.1841920224962685e7,8.566896077812368e6,8.734884069999994e7,0.0,0.0
56,4.0,902,0.0,554907.957442493,3.020609609555433e7,8.286584790737389e6,1.1011732826874995e8,0.0,0.0
56,4.375,987,0.0,550803.4117468295,3.1683810836175382e7,8.371625932892651e6,8.422523344921872e7,0.0,0.0
56,4.75,1071,0.0,494805.0919937148,2.9646044379062068e7,8.053962117462335e6,8.264262950624974e7,0.0,0.0
56,5.125,1156,0.0,429702.47862515564,2.7240700087791193e7,7.451875366177791e6,8.608567614999996e7,0.0,0.0
56,5.5,1240,0.0,405980.905554067,2.6988232658450555e7,7.394197750193687e6,8.77478285499999e7,0.0,0.0
56,5.875,1325,0.0,430891.87904020486,2.9930163353952263e7,7.894157358439621e6,9.318343316875e7,0.0,0.0
56,6.25,1409,0.0,445675.90480902453,3.0783434917640656e7,8.35048245919484e6,9.093989624374995e7,0.0,0.0
56,6.625,1494,0.0,376569.3399695891,2.4997613035914183e7,7.417168086287972e6,9.261765428749998e7,0.0,0.0
56,7.0,1578,0.0,383219.94672653667,3.0221577643953845e7,7.576875047512513e6,8.241240295312479e7,0.0,0.0
56,7.375,1663,0.0,327613.64039449405,2.48390140220048e7,7.037971144943377e6,7.851822351093735e7,0.0,0.0
56,7.75,1748,0.0,330700.13428836013,2.773426421843501e7,7.473887712653557e6,9.730094333437498e7,0.0,0.0
56,8.125,1832,0.0,357083.4771882894,2.854860493610867e7,7.575092805062788e6,8.288440369687492e7,0.0,0.0
56,8.5,1917,0.0,358201.79785199626,2.841339160567539e7,7.626755306193026e6,8.401926014999996e7,0.0,0.0
56,8.875,2001,0.0,339108.8969360383,2.6701423111628152e7,7.553365277456816e6,8.729993867499988e7,0.0,0.0
56,9.25,2086,0.0,313879.2445274711,2.8664458013903677e7,7.300168377997775e6,7.151229137578124e7,0.0,0.0
56,9.625,2170,0.0,283374.7353226341,2.468922798856372e7,6.995544286847936e6,8.349333934999993e7,0.0,0.0
56,10.0,2255,0.0,294461.80146742857,2.653836962099774e7,7.279683147860592e6,7.85920756625e7,0.0,0.0
58,1.0,236,0.0,1.2789405958309497e6,3.5161532281179935e7,9.731737250612745e6,1.1170351519140576e8,0.0,0.0
58,1.375,324,0.0,1.2583538759445378e6,4.395014519839913e7,1.1513489900718026e7,1.396678094624999e8,0.0,0.0
58,1.75,413,0.0,893209.3416307648,3.4114344702755764e7,9.526217252977699e6,1.0111476046562496e8,0.0,0.0
58,2.125,501,0.0,893093.4706780897,3.801330027831289e7,9.614500265188552e6,1.0573155533437486e8,0.0,0.0
58,2.5,589,0.0,824439.2180099358,3.767879476219075e7,9.623477358639363e6,1.0621111345156248e8,0.0,0.0
58,2.875,678,0.0,703223.0219911109,3.3922388074542046e7,9.207336959721943e6,1.6101550429843748e8,0.0,0.0
58,3.25,766,0.0,640455.3207261332,3.353859028967286e7,8.58986921733313e6,1.1114519361640625e8,0.0,0.0
58,3.625,854,0.0,572373.7609781806,3.2474804736595303e7,8.688601854997732e6,1.0806427607968733e8,0.0,0.0
58,4.0,943,0.0,561449.645406106,3.375637535855613e7,8.478753906451827e6,8.655857017521961e7,0.0,0.0
58,4.375,1031,0.0,492975.7192538786,2.9522320581297122e7,8.185177410256392e6,8.346537222656249e7,0.0,0.0
58,4.75,1119,0.0,447531.60102371074,2.8144706917472944e7,8.156965125860976e6,8.904689196406244e7,0.0,0.0
58,5.125,1207,0.0,441142.02988024865,3.0363674526672423e7,7.926623179423771e6,1.1526728259687465e8,0.0,0.0
58,5.5,1296,0.0,487126.7107636605,3.2438536022339433e7,8.61800741315874e6,9.03224965414061e7,0.0,0.0
58,5.875,1384,0.0,431211.75300738437,3.0268128050621063e7,8.316934809372909e6,1.0125353990937482e8,0.0,0.0
58,6.25,1472,0.0,429171.7728078884,3.047213788175257e7,8.134857237532871e6,7.93489473414062e7,0.0,0.0
58,6.625,1561,0.0,397770.16536500526,2.9003674788634762e7,7.5754079754146375e6,9.132836464843747e7,0.0,0.0
58,7.0,1649,0.0,399976.08470270515,2.8771686368636105e7,8.190045051639607e6,8.507665991640624e7,0.0,0.0
58,7.375,1737,0.0,361649.83149866376,3.0047508544941016e7,7.528529915958076e6,9.744241646171863e7,0.0,0.0
58,7.75,1826,0.0,338407.13990532584,2.7126461406477373e7,7.515913704615969e6,9.720733254238278e7,0.0,0.0
58,8.125,1914,0.0,325615.97198422754,2.6897704889876667e7,7.252048066198986e6,7.913920309531249e7,0.0,0.0
58,8.5,2002,0.0,348907.91233535856,2.9742132157423273e7,7.937214681136059e6,9.455042592910145e7,0.0,0.0
58,8.875,2091,0.0,329973.11492531333,2.89456441462318e7,7.881044805681199e6,1.0214932598437499e8,0.0,0.0
58,9.25,2179,0.0,340556.19330938475,3.085258328808327e7,7.7552651542678885e6,8.538482422499995e7,0.0,0.0
58,9.625,2267,0.0,297943.2754855432,2.4882384884764053e7,6.949266497744234e6,8.584722400937495e7,0.0,0.0
58,10.0,2356,0.0,294480.3242565108,2.6838522562710624e7,7.217557705689824e6,8.499999492109372e7,0.0,0.0
60,1.0,246,0.0,1.2143190679041543e6,3.492232757256764e7,9.721287026402533e6,9.055047676874967e7,0.0,0.0
60,1.375,338,0.0,1.1791379135695235e6,4.31061515869876e7,1.0898933817067206e7,1.1303529073124991e8,0.0,0.0
60,1.75,430,0.0,1.048153873757154e6,3.9649189313358024e7,1.0490406787083067e7,1.1754093294999997e8,0.0,0.0
60,2.125,523,0.0,908931.7899456717,3.724214286340572e7,1.0497235041984143e7,1.0956598412343748e8,0.0,0.0
60,2.5,615,0.0,759284.9935223339,3.496976456653865e7,9.115106285764795e6,8.676622097187498e7,0.0,0.0
60,2.875,707,0.0,697158.1523686238,3.51079306079317e7,9.004498836815836e6,1.1243123278749967e8,0.0,0.0
60,3.25,799,0.0,658875.4582458038,3.404340893530533e7,8.892586254945673e6,1.0682508041874999e8,0.0,0.0
60,3.625,891,0.0,575491.7866632396,3.3212230178610243e7,8.62173483069062e6,1.2175306754296866e8,0.0,0.0
60,4.0,983,0.0,553353.6839053365,3.319434231714858e7,9.092760945238058e6,1.1802912186562496e8,0.0,0.0
60,4.375,1075,0.0,535887.8737763241,3.2715872120370977e7,8.748997956377398e6,1.0719978738359363e8,0.0,0.0
60,4.75,1167,0.0,519611.4844290987,3.3221701485710096e7,8.349603312189955e6,7.787134676406245e7,0.0,0.0
60,5.125,1260,0.0,495979.542457953,3.3272340240832392e7,8.990102343759097e6,9.226240932187487e7,0.0,0.0
60,5.5,1352,0.0,484750.3660068851,3.398877628911953e7,8.992987994450547e6,9.4957039328125e7,0.0,0.0
60,5.875,1444,0.0,441478.2127070335,3.1375625296700027e7,8.578916925225483e6,9.049166357656248e7,0.0,0.0
60,6.25,1536,0.0,404535.9675546785,2.9370951349004604e7,8.085917164976235e6,7.829634814999993e7,0.0,0.0
60,6.625,1628,0.0,397289.3784607435,3.3159782341392152e7,8.013671014738457e6,9.741454557812485e7,0.0,0.0
60,7.0,1720,0.0,410615.9411402326,3.2597814385276474e7,8.576848555342011e6,7.005742807499959e7,0.0,0.0
60,7.375,1812,0.0,365069.4122926968,3.217619919102928e7,8.390121921232464e6,1.1965649108124991e8,0.0,0.0
60,7.75,1904,0.0,383846.0393750968,3.078797309844664e7,7.872567957930432e6,8.603593212968746e7,0.0,0.0
60,8.125,1996,0.0,380018.3348431405,3.49227539739023e7,8.360130311457066e6,1.1347720568124986e8,0.0,0.0
60,8.5,2089,0.0,342599.1588789125,3.270241928801749e7,8.386193679316487e6,1.0816486380312477e8,0.0,0.0
60,8.875,2181,0.0,338739.62133470655,2.951753076697038e7,7.9653173432266675e6,7.662200639687501e7,0.0,0.0
60,9.25,2273,0.0,331560.2297214378,3.1181409190848783e7,7.790402971593989e6,9.19663782249999e7,0.0,0.0
60,9.625,2365,0.0,316229.3702502583,2.9953204542338893e7,8.051082808648633e6,1.0044343882499999e8,0.0,0.0
60,10.0,2457,0.0,293150.90242268954,2.8676268301902607e7,7.3572757924932875e6,8.942320008593746e7,0.0,0.0
